<?xml version="1.0" encoding="UTF-8" ?>
<module>
	<name>crossselling</name>
	<displayName><![CDATA[Vente crois&eacute;e]]></displayName>
	<version><![CDATA[1.1.2]]></version>
	<description><![CDATA[Ajoute une section &quot;Les clients qui ont achet&eacute; ce produit ont &eacute;galement achet&eacute;...&quot; sur toutes les fiches produit.]]></description>
	<author><![CDATA[PrestaShop]]></author>
	<tab><![CDATA[front_office_features]]></tab>
	<is_configurable>1</is_configurable>
	<need_instance>0</need_instance>
	<limited_countries></limited_countries>
</module>