<?xml version="1.0" encoding="UTF-8" ?>
<module>
	<name>blocknewsletter</name>
	<displayName><![CDATA[Bloc newsletter]]></displayName>
	<version><![CDATA[2.4.0]]></version>
	<description><![CDATA[Ajoute un bloc newsletter pour vos clients]]></description>
	<author><![CDATA[PrestaShop]]></author>
	<tab><![CDATA[front_office_features]]></tab>
	<confirmUninstall><![CDATA[Êtes-vous sûr de vouloir supprimer tous vos contacts ?]]></confirmUninstall>
	<is_configurable>1</is_configurable>
	<need_instance>0</need_instance>
	<limited_countries></limited_countries>
</module>