<?xml version="1.0" encoding="UTF-8" ?>
<module>
	<name>blockpermanentlinks</name>
	<displayName><![CDATA[Bloc liens permanents]]></displayName>
	<version><![CDATA[0.3.1]]></version>
	<description><![CDATA[Ajoute un bloc qui affiche des liens permanents (contact, plan du site, etc.).]]></description>
	<author><![CDATA[PrestaShop]]></author>
	<tab><![CDATA[front_office_features]]></tab>
	<is_configurable>0</is_configurable>
	<need_instance>0</need_instance>
	<limited_countries></limited_countries>
</module>