<?xml version="1.0" encoding="UTF-8" ?>
<module>
	<name>blocklanguages</name>
	<displayName><![CDATA[Bloc s&eacute;lecteur de langue]]></displayName>
	<version><![CDATA[1.5.1]]></version>
	<description><![CDATA[Ajoute un bloc permettant &agrave; vos clients de s&eacute;lectionner la langue de votre boutique.]]></description>
	<author><![CDATA[PrestaShop]]></author>
	<tab><![CDATA[front_office_features]]></tab>
	<is_configurable>0</is_configurable>
	<need_instance>0</need_instance>
	<limited_countries></limited_countries>
</module>