<?xml version="1.0" encoding="UTF-8" ?>
<module>
	<name>bankwire</name>
	<displayName><![CDATA[Virement bancaire]]></displayName>
	<version><![CDATA[1.1.2]]></version>
	<description><![CDATA[Accepter les paiements par virement.]]></description>
	<author><![CDATA[PrestaShop]]></author>
	<tab><![CDATA[payments_gateways]]></tab>
	<confirmUninstall><![CDATA[Êtes-vous certain de vouloir effacer vos données ?]]></confirmUninstall>
	<is_configurable>1</is_configurable>
	<need_instance>1</need_instance>
	<limited_countries></limited_countries>
</module>