<?xml version="1.0" encoding="UTF-8" ?>
<module>
	<name>blocksocial</name>
	<displayName><![CDATA[Bloc social]]></displayName>
	<version><![CDATA[1.2.2]]></version>
	<description><![CDATA[Permet d&#039;ajouter des informations suppl&eacute;mentaires concernant les r&eacute;seaux sociaux de votre marque.]]></description>
	<author><![CDATA[PrestaShop]]></author>
	<tab><![CDATA[front_office_features]]></tab>
	<is_configurable>1</is_configurable>
	<need_instance>1</need_instance>
	<limited_countries></limited_countries>
</module>