<?xml version="1.0" encoding="UTF-8" ?>
<module>
	<name>blockcustomerprivacy</name>
	<displayName><![CDATA[Bloc confidentialit&eacute; des donn&eacute;es clients]]></displayName>
	<version><![CDATA[2.0.2]]></version>
	<description><![CDATA[Ajoute un bloc qui affiche un message concernant la confidentialit&eacute; des donn&eacute;es clients.]]></description>
	<author><![CDATA[PrestaShop]]></author>
	<tab><![CDATA[front_office_features]]></tab>
	<is_configurable>1</is_configurable>
	<need_instance>0</need_instance>
	<limited_countries></limited_countries>
</module>