<?xml version="1.0" encoding="UTF-8" ?>
<module>
	<name>blockcontactinfos</name>
	<displayName><![CDATA[Bloc informations de contact]]></displayName>
	<version><![CDATA[1.2.1]]></version>
	<description><![CDATA[Ajoute un bloc permettant d&#039;afficher des informations sur les moyens de contacter la boutique]]></description>
	<author><![CDATA[PrestaShop]]></author>
	<tab><![CDATA[front_office_features]]></tab>
	<is_configurable>1</is_configurable>
	<need_instance>1</need_instance>
	<limited_countries></limited_countries>
</module>