<?xml version="1.0" encoding="UTF-8" ?>
<module>
	<name>blocklink</name>
	<displayName><![CDATA[Bloc liens]]></displayName>
	<version><![CDATA[1.6.1]]></version>
	<description><![CDATA[Ajoute un bloc avec des liens additionels.]]></description>
	<author><![CDATA[PrestaShop]]></author>
	<tab><![CDATA[front_office_features]]></tab>
	<confirmUninstall><![CDATA[Êtes-vous sûr de vouloir supprimer tous vos liens ?]]></confirmUninstall>
	<is_configurable>1</is_configurable>
	<need_instance>0</need_instance>
	<limited_countries></limited_countries>
</module>