<?xml version="1.0" encoding="UTF-8" ?>
<module>
	<name>cheque</name>
	<displayName><![CDATA[Ch&egrave;que]]></displayName>
	<version><![CDATA[2.7.2]]></version>
	<description><![CDATA[Ce module vous permet d&#039;accepter des paiements par ch&egrave;que.]]></description>
	<author><![CDATA[PrestaShop]]></author>
	<tab><![CDATA[payments_gateways]]></tab>
	<confirmUninstall><![CDATA[Êtes-vous sûr de vouloir supprimer vos paramètres ?]]></confirmUninstall>
	<is_configurable>1</is_configurable>
	<need_instance>1</need_instance>
	<limited_countries></limited_countries>
</module>