<?xml version="1.0" encoding="UTF-8" ?>
<module>
	<name>blockcontact</name>
	<displayName><![CDATA[Bloc contact]]></displayName>
	<version><![CDATA[1.4.1]]></version>
	<description><![CDATA[Permet d&#039;ajouter des informations suppl&eacute;mentaires concernant le service client]]></description>
	<author><![CDATA[PrestaShop]]></author>
	<tab><![CDATA[front_office_features]]></tab>
	<is_configurable>1</is_configurable>
	<need_instance>1</need_instance>
	<limited_countries></limited_countries>
</module>